"File","LineNumber","Variable","Text"
"D:\jsp\van_doc_1\brdtl\src\main\java\com\bot\ncl\adapter\event\app\lsnr\BrdtlLsnr.java","56","FILE_NAME","private static final String FILE_NAME ="
"D:\jsp\van_doc_1\brdtl\src\main\java\com\bot\ncl\adapter\event\app\lsnr\BrdtlLsnr.java","223","fileName","//        String fileName = ""BD/CL/BH/002"";"
"D:\jsp\van_doc_1\c004_rpt\src\main\java\com\bot\ncl\adapter\event\app\lsnr\C004_RPTLsnr.java","51","FILE_NAME","private static final String FILE_NAME = ""CL-BH-RPT-C004"";"
"D:\jsp\van_doc_1\c009m\src\main\java\com\bot\ncl\adapter\event\app\lsnr\C009mLsnr.java","95","FILE_NAME","private static final String FILE_NAME = ""CL-BH-009-30200-M"";"
"D:\jsp\van_doc_1\c010\src\main\java\com\bot\ncl\adapter\event\app\lsnr\C010Lsnr.java","55","FILE_NAME","private static final String FILE_NAME = ""CL-BH-C010"";"
"D:\jsp\van_doc_1\c012\src\main\java\com.bot.ncl.adapter\event\app\lsnr\C012Lsnr.java","168","fileOutPath","fileOutPath ="
"D:\jsp\van_doc_1\c0121\src\main\java\com\bot\ncl\adapter\event\app\lsnr\C0121Lsnr.java","104","fileOutPath","fileOutPath ="
"D:\jsp\van_doc_1\c0153\src\main\java\com\bot\ncl\adapter\event\app\lsnr\C0153Lsnr.java","43","FILE_NAME","private static final String FILE_NAME = ""CL-BH-C015-3"";"
"D:\jsp\van_doc_1\c016\src\main\java\com\bot\ncl\adapter\event\app\lsnr\C016Lsnr.java","88","fileOutPath","fileOutPath = fileDir + ""CL-BH-016"";"
"D:\jsp\van_doc_1\c019\src\main\java\com\bot\ncl\adapter\event\app\lsnr\C019Lsnr.java","54","FILE_NAME","private static final String FILE_NAME = ""CL-BH-019"";"
"D:\jsp\van_doc_1\c059\src\main\java\com\bot\ncl\adapter\event\app\lsnr\C059Lsnr.java","50","FILE_NAME","private static final String FILE_NAME = ""C009M""; // 瑼?1"
"D:\jsp\van_doc_1\c060\src\main\java\com\bot\ncl\adapter\event\app\lsnr\C060Lsnr.java","59","FILE_NAME","private static final String FILE_NAME = ""CL-BH-C060"";"
"D:\jsp\van_doc_1\c063\src\main\java\com\bot\ncl\adapter\event\app\lsnr\C063Lsnr.java","67","FILE_NAME","private static final String FILE_NAME = ""CL-BH-C063"";"
"D:\jsp\van_doc_1\c064\src\main\java\com\bot\ncl\adapter\event\app\lsnr\C064Lsnr.java","67","FILE_NAME","private static final String FILE_NAME = ""CL-BH-C064""; // 瑼?"
"D:\jsp\van_doc_1\c065\src\main\java\com\bot\ncl\adapter\event\app\lsnr\C065Lsnr.java","54","FILE_NAME","private static final String FILE_NAME = ""CL-BH-C065"";"
"D:\jsp\van_doc_1\c066\src\main\java\com\bot\ncl\adapter\event\app\lsnr\C066Lsnr.java","52","FILE_NAME","private static final String FILE_NAME = ""CL-BH-C066"";"
"D:\jsp\van_doc_1\c067\src\main\java\com\bot\ncl\adapter\event\app\lsnr\C067Lsnr.java","67","FILE_NAME","private static final String FILE_NAME = ""CL-BH-C067""; // 瑼?"
"D:\jsp\van_doc_1\c068\src\main\java\com\bot\ncl\adapter\event\app\lsnr\C068Lsnr.java","44","FILE_NAME","private static final String FILE_NAME = ""CL-BH-C068""; // 瑼?"
"D:\jsp\van_doc_1\c069\src\main\java\com\bot\ncl\adapter\event\app\lsnr\C069Lsnr.java","44","FILE_NAME","private static final String FILE_NAME = ""CL-BH-C069""; // 瑼?"
"D:\jsp\van_doc_1\c072m\src\main\java\com\bot\ncl\adapter\event\app\lsnr\C072mLsnr.java","55","FILE_NAME","private static final String FILE_NAME = ""CL-BH-C072-M"";"
"D:\jsp\van_doc_1\c073\src\main\java\com\bot\ncl\adapter\event\app\lsnr\C073Lsnr.java","61","FILE_NAME","private static final String FILE_NAME = ""CL-BH-C073"";"
"D:\jsp\van_doc_1\c074\src\main\java\com\bot\ncl\adapter\event\app\lsnr\C074Lsnr.java","57","FILE_NAME","private static final String FILE_NAME = ""CL-BH-C074"";"
"D:\jsp\van_doc_1\c076\src\main\java\com\bot\ncl\adapter\event\app\lsnr\C076Lsnr.java","58","FILE_NAME","private static final String FILE_NAME = ""BD/C076"";"
"D:\jsp\van_doc_1\c0761\src\main\java\com\bot\ncl\adapter\event\app\lsnr\C0761Lsnr.java","47","FILE_NAME","private String tmpFilePath; // ?怠?瑼楝敺?    private static final String FILE_NAME = ""CL-BH-C076-1"";"
"D:\jsp\van_doc_1\c076a\src\main\java\com\bot\ncl\adapter\event\app\lsnr\C076ALsnr.java","51","FILE_NAME","private String tmpFilePath; // ?怠?瑼楝敺?    private static final String FILE_NAME = ""CL-BH-C076-A"";"
"D:\jsp\van_doc_1\c077_rpt\src\main\java\com\bot\ncl\adapter\event\app\lsnr\C077_RPTLsnr.java","59","FILE_NAME","private static final String FILE_NAME = ""CL-BH-C077"";"
"D:\jsp\van_doc_1\c078\src\main\java\com\bot\ncl\adapter\event\app\lsnr\C078Lsnr.java","43","FILE_NAME","private static final String FILE_NAME = ""CL-BH-C078""; // 瑼?"
"D:\jsp\van_doc_1\c079\src\main\java\com\bot\ncl\adapter\event\app\lsnr\C079Lsnr.java","80","FILE_NAME","private static final String FILE_NAME = ""CL-BH-C079"";"
"D:\jsp\van_doc_1\c080\src\main\java\com\bot\ncl\adapter\event\app\lsnr\C080Lsnr.java","91","FILE_NAME","private static final String FILE_NAME = ""CL-BH-C080"";"
"D:\jsp\van_doc_1\c0891\src\main\java\com\bot\ncl\adapter\event\app\lsnr\C0891Lsnr.java","45","FILE_NAME","private String fileInputName; // 霈瑼???    private static final String FILE_NAME = ""CL-BH-089-1""; // 瑼?"
"D:\jsp\van_doc_1\c0892\src\main\java\com\bot\ncl\adapter\event\app\lsnr\C0892Lsnr.java","47","FILE_NAME","private String fileInputName; // 霈瑼???    private static final String FILE_NAME = ""CL-BH-089-2""; // 瑼?"
"D:\jsp\van_doc_1\common_ncl_batch\src\main\java\com\bot\ncl\diff\ErrorDataCom.java","990","fileName","String fileName = getWirteFileName();"
"D:\jsp\van_doc_1\common_ncl_batch\src\main\java\com\bot\ncl\diff\ErrorDataCom.java","1060","fileName","String fileName = getWirteFileName();"
"D:\jsp\van_doc_1\common_ncl_batch\src\main\java\com\bot\ncl\diff\ErrorDataCom.java","1115","fileName","String fileName = getWirteFileName();"
"D:\jsp\van_doc_1\common_ncl_batch\src\main\java\com\bot\ncl\diff\ErrorDataCom.java","1178","fileName","String fileName = getWirteFileName();"
"D:\jsp\van_doc_1\common_ncl_batch\src\main\java\com\bot\ncl\diff\ErrorDataCom.java","1244","fileName","String fileName = getWirteFileName();"
"D:\jsp\van_doc_1\common_ncl_batch\src\main\java\com\bot\ncl\diff\ErrorDataCom.java","1304","fileName","String fileName = getWirteFileName();"
"D:\jsp\van_doc_1\common_ncl_batch\src\main\java\com\bot\ncl\diff\ErrorDataCom.java","1371","fileName","String fileName = getWirteFileName();"
"D:\jsp\van_doc_1\common_ncl_batch\src\main\java\com\bot\ncl\diff\ErrorDataCom.java","1436","fileName","String fileName = getWirteFileName();"
"D:\jsp\van_doc_1\common_ncl_batch\src\main\java\com\bot\ncl\diff\ErrorDataCom.java","1531","fileName","String fileName = getWirteFileName();"
"D:\jsp\van_doc_1\common_ncl_batch\src\main\java\com\bot\ncl\diff\ErrorDataCom.java","1560","fileName","String fileName = """";"
"D:\jsp\van_doc_1\common_ncl_batch\src\main\java\com\bot\ncl\diff\ErrorDataCom.java","1563","fileName","fileName = ""InsertError"" + this.tableName;"
"D:\jsp\van_doc_1\common_ncl_batch\src\main\java\com\bot\ncl\diff\ErrorDataCom.java","1566","fileName","fileName = ""UpdateError"" + this.tableName;"
"D:\jsp\van_doc_1\common_ncl_batch\src\main\java\com\bot\ncl\diff\ErrorDataCom.java","1569","fileName","fileName = ""DeleteError"" + this.tableName;"
"D:\jsp\van_doc_1\conv271\src\main\java\com\bot\ncl\adapter\event\app\lsnr\CONV271Lsnr.java","200","fileName","// 012200     IF      WK-FILENAME         =      ""27X1111981"""
"D:\jsp\van_doc_1\conv271\src\main\java\com\bot\ncl\adapter\event\app\lsnr\CONV271Lsnr.java","204","fileName","// 012400     ELSE IF WK-FILENAME         =      ""27X1111801"""
"D:\jsp\van_doc_1\conv272\src\main\java\com\bot\ncl\adapter\event\app\lsnr\CONV272Lsnr.java","146","fileName","// 018700     IF      WK-FILENAME         =      ""27X1111981"""
"D:\jsp\van_doc_1\conv272\src\main\java\com\bot\ncl\adapter\event\app\lsnr\CONV272Lsnr.java","154","fileName","// 019100     ELSE IF WK-FILENAME         =      ""27X1111801"""
"D:\jsp\van_doc_1\conv273\src\main\java\com\bot\ncl\adapter\event\app\lsnr\CONV273Lsnr.java","154","fileName","// 010500     IF      WK-FILENAME         =      ""27X1111981"""
"D:\jsp\van_doc_1\conv273\src\main\java\com\bot\ncl\adapter\event\app\lsnr\CONV273Lsnr.java","162","fileName","// 010900     ELSE IF WK-FILENAME         =      ""27X1111801"""
"D:\jsp\van_doc_1\convf\src\main\java\com\bot\ncl\adapter\event\app\lsnr\CONVFLsnr.java","57","FILE_NAME","private static final String FILE_INPUT_NAME = ""PUTF""; // 霈瑼???    private static final String FILE_NAME = ""CONVF""; // 瑼?"
"D:\jsp\van_doc_1\crec012\src\main\java\com\bot\ncl\adapter\event\app\lsnr\Crec012Lsnr.java","105","fileOutPath","fileOutPath ="
"D:\jsp\van_doc_1\crec0121\src\main\java\com\bot\ncl\adapter\event\app\lsnr\Crec0121Lsnr.java","93","fileOutPath","fileOutPath ="
"D:\jsp\van_doc_1\cre_clcmp\src\main\java\com\bot\ncl\adapter\event\app\lsnr\CRE_CLCMPLsnr.java","46","FILE_NAME","private static final String FILE_NAME = ""CRE_CLCMP"";"
"D:\jsp\van_doc_1\cre_cldmr\src\main\java\com\bot\ncl\adapter\event\app\lsnr\CRE_CLDMRLsnr.java","46","FILE_NAME","private static final String FILE_NAME = ""CRE_CLDMR"";"
"D:\jsp\van_doc_1\cre_clmr\src\main\java\com\bot\ncl\adapter\event\app\lsnr\CRE_CLMRLsnr.java","47","FILE_NAME","private static final String FILE_NAME = ""CRE_CLMR"";"
"D:\jsp\van_doc_1\ftp00\src\main\java\com\bot\ncl\adapter\event\app\lsnr\FTP00Lsnr.java","211","fileName","filename = wkTaskPutfile;"
"D:\jsp\van_doc_1\ftp00\src\main\java\com\bot\ncl\adapter\event\app\lsnr\FTP00Lsnr.java","320","fileName","//    FILENAME:= ""(""&USRCODE&"")DATA/CL/BH/PUTFN/""&DATE&""/""&PUTFILE;                 00011300"
"D:\jsp\van_doc_1\ftp00\src\main\java\com\bot\ncl\adapter\event\app\lsnr\FTP00Lsnr.java","325","fileName","//    FILENAME:= ""(""&USRCODE&"")DATA/CL/BH/PUTF/""&DATE&""/""&PUTFILE;                  00011800"
"D:\jsp\van_doc_1\ftp00\src\main\java\com\bot\ncl\adapter\event\app\lsnr\FTP00Lsnr.java","439","fileName","//       FILENAME:= ""'""&CODE1&""_""&YYYMMDD&""'"";                                      00028200"
"D:\jsp\van_doc_1\ftp00\src\main\java\com\bot\ncl\adapter\event\app\lsnr\FTP00Lsnr.java","472","fileName","//        FILENAME:=""'BKCOL_""&YYYYMMDD&"".004'"" ;"
"D:\jsp\van_doc_1\ftp00\src\main\java\com\bot\ncl\adapter\event\app\lsnr\FTP00Lsnr.java","474","fileName","filename = ""BKCOL_"" + yyyymmdd + "".004"";"
"D:\jsp\van_doc_1\ftp00\src\main\java\com\bot\ncl\adapter\event\app\lsnr\FTP00Lsnr.java","475","fileName","// %       DISPLAY ""FILENAME= "" &FILENAME;"
"D:\jsp\van_doc_1\ftp00\src\main\java\com\bot\ncl\adapter\event\app\lsnr\FTP00Lsnr.java","483","fileName","//           FILENAME:=""'/OUT/RECL0""&YYYMMDD&"".txt'"" ;"
"D:\jsp\van_doc_1\ftp00\src\main\java\com\bot\ncl\adapter\event\app\lsnr\FTP00Lsnr.java","485","fileName","filename = ""RECL0"" + yyymmdd + "".txt"";"
"D:\jsp\van_doc_1\ftp00\src\main\java\com\bot\ncl\adapter\event\app\lsnr\FTP00Lsnr.java","489","fileName","//           FILENAME:=""'DLR004""&YYYMMDD&"".TXT'""    ;"
"D:\jsp\van_doc_1\ftp00\src\main\java\com\bot\ncl\adapter\event\app\lsnr\FTP00Lsnr.java","491","fileName","filename = ""DLR004"" + yyymmdd + "".TXT"";"
"D:\jsp\van_doc_1\ftp00\src\main\java\com\bot\ncl\adapter\event\app\lsnr\FTP00Lsnr.java","502","fileName","//           FILENAME:=""'SJA0""&MMDD&"".DAT'""     ;"
"D:\jsp\van_doc_1\ftp00\src\main\java\com\bot\ncl\adapter\event\app\lsnr\FTP00Lsnr.java","506","fileName","filename = ""SJA0"" + mmdd + "".DAT"";"
"D:\jsp\van_doc_1\ftp00\src\main\java\com\bot\ncl\adapter\event\app\lsnr\FTP00Lsnr.java","512","fileName","//           FILENAME:=""'""&CODE1&""_""&YYYMMDD&"".txt'"";"
"D:\jsp\van_doc_1\ftp00\src\main\java\com\bot\ncl\adapter\event\app\lsnr\FTP00Lsnr.java","514","fileName","filename = code1 + yyymmdd + "".txt"";"
"D:\jsp\van_doc_1\ftp00\src\main\java\com\bot\ncl\adapter\event\app\lsnr\FTP00Lsnr.java","518","fileName","//           FILENAME:=""'SPF004.""&YYYYMMDD&""'""      ;"
"D:\jsp\van_doc_1\ftp00\src\main\java\com\bot\ncl\adapter\event\app\lsnr\FTP00Lsnr.java","520","fileName","filename = ""SPF004."" + yyyymmdd;"
"D:\jsp\van_doc_1\ftp00\src\main\java\com\bot\ncl\adapter\event\app\lsnr\FTP00Lsnr.java","524","fileName","//           FILENAME:=""'BOT4Q""&YYYYMMDD&""01I.TXT'"" ;"
"D:\jsp\van_doc_1\ftp00\src\main\java\com\bot\ncl\adapter\event\app\lsnr\FTP00Lsnr.java","526","fileName","filename = ""BOT4Q"" + yyyymmdd + ""01I.TXT"";"
"D:\jsp\van_doc_1\ftp00\src\main\java\com\bot\ncl\adapter\event\app\lsnr\FTP00Lsnr.java","530","fileName","//           FILENAME:=""'FITEL18AC""&YYYYMMDD&"".TXT'"" ;"
"D:\jsp\van_doc_1\ftp00\src\main\java\com\bot\ncl\adapter\event\app\lsnr\FTP00Lsnr.java","532","fileName","filename = ""FITEL18AC"" + yyyymmdd + "".TXT"";"
"D:\jsp\van_doc_1\ftp00\src\main\java\com\bot\ncl\adapter\event\app\lsnr\FTP00Lsnr.java","537","fileName","//           FILENAME:=""'bot""&YYMMDD&"".004'"" ;"
"D:\jsp\van_doc_1\ftp00\src\main\java\com\bot\ncl\adapter\event\app\lsnr\FTP00Lsnr.java","539","fileName","filename = ""bot"" + yymmdd + "".004"";"
"D:\jsp\van_doc_1\ftp00\src\main\java\com\bot\ncl\adapter\event\app\lsnr\FTP00Lsnr.java","543","fileName","//           FILENAME:=""'bot1591""&YYMMDD&"".004'"" ;"
"D:\jsp\van_doc_1\ftp00\src\main\java\com\bot\ncl\adapter\event\app\lsnr\FTP00Lsnr.java","545","fileName","filename = ""bot1591"" + yymmdd + "".004"";"
"D:\jsp\van_doc_1\ftp00\src\main\java\com\bot\ncl\adapter\event\app\lsnr\FTP00Lsnr.java","550","fileName","//          FILENAME:=""'""&CODE1&""_""&YYYMMDD&"".txt'"";"
"D:\jsp\van_doc_1\ftp00\src\main\java\com\bot\ncl\adapter\event\app\lsnr\FTP00Lsnr.java","552","fileName","filename = code1 + ""_"" + yyymmdd + "".txt"";"
"D:\jsp\van_doc_1\ftp00\src\main\java\com\bot\ncl\adapter\event\app\lsnr\FTP00Lsnr.java","582","fileName","//           FILENAME:=""'BOT_""&DATE&""_""&CODE2&"".TXT'"" ;"
"D:\jsp\van_doc_1\ftp00\src\main\java\com\bot\ncl\adapter\event\app\lsnr\FTP00Lsnr.java","584","fileName","filename = ""BOT_"" + wkTaskDate + ""_"" + code2 + "".TXT"";"
"D:\jsp\van_doc_1\ftp00\src\main\java\com\bot\ncl\adapter\event\app\lsnr\FTP00Lsnr.java","589","fileName","//          FILENAME:=""'CC44""&CODE&""_""&YYYYMMDD&"".txt'"" ;"
"D:\jsp\van_doc_1\ftp00\src\main\java\com\bot\ncl\adapter\event\app\lsnr\FTP00Lsnr.java","591","fileName","filename = ""CC44"" + code + ""_"" + yyyymmdd + "".txt"";"
"D:\jsp\van_doc_1\ftp00\src\main\java\com\bot\ncl\adapter\event\app\lsnr\FTP00Lsnr.java","601","fileName","//           FILENAME:=""'T""&CODE1&""_""&YYYMMDD&""'""  ;"
"D:\jsp\van_doc_1\ftp00\src\main\java\com\bot\ncl\adapter\event\app\lsnr\FTP00Lsnr.java","605","fileName","filename = ""T"" + code1 + ""_"" + yyymmdd;"
"D:\jsp\van_doc_1\ftp00\src\main\java\com\bot\ncl\adapter\event\app\lsnr\FTP00Lsnr.java","617","fileName","//            FILENAME:=""'bankedu.""&YYYMMDD&""'""    ;"
"D:\jsp\van_doc_1\ftp00\src\main\java\com\bot\ncl\adapter\event\app\lsnr\FTP00Lsnr.java","621","fileName","filename = ""bankedu."" + yyymmdd;"
"D:\jsp\van_doc_1\ftp00\src\main\java\com\bot\ncl\adapter\event\app\lsnr\FTP00Lsnr.java","633","fileName","//            FILENAME:=""'""&CODE&""_""&YYYMMDD&""'"";"
"D:\jsp\van_doc_1\ftp00\src\main\java\com\bot\ncl\adapter\event\app\lsnr\FTP00Lsnr.java","637","fileName","filename = code + ""_"" + yyymmdd;"
"D:\jsp\van_doc_1\ftp00\src\main\java\com\bot\ncl\adapter\event\app\lsnr\FTP00Lsnr.java","650","fileName","//            FILENAME:=""'TBAC/TBAC""&NYYYYMMDD&""'"";"
"D:\jsp\van_doc_1\ftp00\src\main\java\com\bot\ncl\adapter\event\app\lsnr\FTP00Lsnr.java","654","fileName","filename = ""TBAC"" + nyyyymmdd;"
"D:\jsp\van_doc_1\ftp00\src\main\java\com\bot\ncl\adapter\event\app\lsnr\FTP00Lsnr.java","663","fileName","//            FILENAME:=""'""&PUTFILE&""_""&YYYYMMDD&"".txt'"";"
"D:\jsp\van_doc_1\ftp00\src\main\java\com\bot\ncl\adapter\event\app\lsnr\FTP00Lsnr.java","665","fileName","filename = wkTaskPutfile + ""_"" + yyyymmdd + "".txt"";"
"D:\jsp\van_doc_1\ftp00\src\main\java\com\bot\ncl\adapter\event\app\lsnr\FTP00Lsnr.java","686","fileName","//                  FILENAME:=""'""&CODE&""_""&YYYMMDD&""'"";"
"D:\jsp\van_doc_1\ftp00\src\main\java\com\bot\ncl\adapter\event\app\lsnr\FTP00Lsnr.java","690","fileName","filename = code + ""_"" + yyymmdd;"
"D:\jsp\van_doc_1\ftp00\src\main\java\com\bot\ncl\adapter\event\app\lsnr\FTP00Lsnr.java","697","fileName","// %        DISPLAY ""FILENAME = "" &FILENAME;"
"D:\jsp\van_doc_1\ftp00\src\main\java\com\bot\ncl\adapter\event\app\lsnr\FTP00Lsnr.java","742","fileName","filename = code + ""_"" + yyymmdd + "".OK"";"
"D:\jsp\van_doc_1\ftp01\src\main\java\com\bot\ncl\adapter\event\app\lsnr\FTP01Lsnr.java","220","fileName","filename = wkTaskPutfile;"
"D:\jsp\van_doc_1\ftp01\src\main\java\com\bot\ncl\adapter\event\app\lsnr\FTP01Lsnr.java","304","fileName","//    FILENAME:= ""(""&USRCODE&"")DATA/CL/BH/PUTFN/""&DATE&""/""&PUTFILE;                 00011300"
"D:\jsp\van_doc_1\ftp01\src\main\java\com\bot\ncl\adapter\event\app\lsnr\FTP01Lsnr.java","309","fileName","//    FILENAME:= ""(""&USRCODE&"")DATA/CL/BH/PUTF/""&DATE&""/""&PUTFILE;                  00011800"
"D:\jsp\van_doc_1\ftp01\src\main\java\com\bot\ncl\adapter\event\app\lsnr\FTP01Lsnr.java","423","fileName","//       FILENAME:= ""'""&CODE1&""_""&YYYMMDD&""'"";                                      00028200"
"D:\jsp\van_doc_1\ftp01\src\main\java\com\bot\ncl\adapter\event\app\lsnr\FTP01Lsnr.java","454","fileName","//        FILENAME:=""'BKCOL_""&YYYYMMDD&"".004'"" ;"
"D:\jsp\van_doc_1\ftp01\src\main\java\com\bot\ncl\adapter\event\app\lsnr\FTP01Lsnr.java","456","fileName","filename = ""BKCOL_"" + yyyymmdd + "".004"";"
"D:\jsp\van_doc_1\ftp01\src\main\java\com\bot\ncl\adapter\event\app\lsnr\FTP01Lsnr.java","457","fileName","// %       DISPLAY ""FILENAME= "" &FILENAME;"
"D:\jsp\van_doc_1\ftp01\src\main\java\com\bot\ncl\adapter\event\app\lsnr\FTP01Lsnr.java","465","fileName","//           FILENAME:=""'/OUT/RECL0""&YYYMMDD&"".txt'"" ;"
"D:\jsp\van_doc_1\ftp01\src\main\java\com\bot\ncl\adapter\event\app\lsnr\FTP01Lsnr.java","467","fileName","filename = ""RECL0"" + YYYMMDD + "".txt"";"
"D:\jsp\van_doc_1\ftp01\src\main\java\com\bot\ncl\adapter\event\app\lsnr\FTP01Lsnr.java","471","fileName","//           FILENAME:=""'DLR004""&YYYMMDD&"".TXT'""    ;"
"D:\jsp\van_doc_1\ftp01\src\main\java\com\bot\ncl\adapter\event\app\lsnr\FTP01Lsnr.java","473","fileName","filename = ""DLR004"" + YYYMMDD + "".TXT"";"
"D:\jsp\van_doc_1\ftp01\src\main\java\com\bot\ncl\adapter\event\app\lsnr\FTP01Lsnr.java","484","fileName","//           FILENAME:=""'SJA0""&MMDD&"".DAT'""     ;"
"D:\jsp\van_doc_1\ftp01\src\main\java\com\bot\ncl\adapter\event\app\lsnr\FTP01Lsnr.java","488","fileName","filename = ""SJA0"" + mmdd + "".DAT"";"
"D:\jsp\van_doc_1\ftp01\src\main\java\com\bot\ncl\adapter\event\app\lsnr\FTP01Lsnr.java","494","fileName","//           FILENAME:=""'""&CODE1&""_""&YYYMMDD&"".txt'"";"
"D:\jsp\van_doc_1\ftp01\src\main\java\com\bot\ncl\adapter\event\app\lsnr\FTP01Lsnr.java","496","fileName","filename = code1 + yyymmdd + "".txt"";"
"D:\jsp\van_doc_1\ftp01\src\main\java\com\bot\ncl\adapter\event\app\lsnr\FTP01Lsnr.java","500","fileName","//           FILENAME:=""'SPF004.""&YYYYMMDD&""'""      ;"
"D:\jsp\van_doc_1\ftp01\src\main\java\com\bot\ncl\adapter\event\app\lsnr\FTP01Lsnr.java","502","fileName","filename = ""SPF004."" + yyyymmdd;"
"D:\jsp\van_doc_1\ftp01\src\main\java\com\bot\ncl\adapter\event\app\lsnr\FTP01Lsnr.java","506","fileName","//           FILENAME:=""'BOT4Q""&YYYYMMDD&""01I.TXT'"" ;"
"D:\jsp\van_doc_1\ftp01\src\main\java\com\bot\ncl\adapter\event\app\lsnr\FTP01Lsnr.java","508","fileName","filename = ""BOT4Q"" + yyyymmdd + ""01I.TXT"";"
"D:\jsp\van_doc_1\ftp01\src\main\java\com\bot\ncl\adapter\event\app\lsnr\FTP01Lsnr.java","512","fileName","//           FILENAME:=""'FITEL18AC""&YYYYMMDD&"".TXT'"" ;"
"D:\jsp\van_doc_1\ftp01\src\main\java\com\bot\ncl\adapter\event\app\lsnr\FTP01Lsnr.java","514","fileName","filename = ""FITEL18AC"" + yyyymmdd + "".TXT"";"
"D:\jsp\van_doc_1\ftp01\src\main\java\com\bot\ncl\adapter\event\app\lsnr\FTP01Lsnr.java","519","fileName","//           FILENAME:=""'bot""&YYMMDD&"".004'"" ;"
"D:\jsp\van_doc_1\ftp01\src\main\java\com\bot\ncl\adapter\event\app\lsnr\FTP01Lsnr.java","521","fileName","filename = ""bot"" + yymmdd + "".004"";"
"D:\jsp\van_doc_1\ftp01\src\main\java\com\bot\ncl\adapter\event\app\lsnr\FTP01Lsnr.java","525","fileName","//           FILENAME:=""'bot1591""&YYMMDD&"".004'"" ;"
"D:\jsp\van_doc_1\ftp01\src\main\java\com\bot\ncl\adapter\event\app\lsnr\FTP01Lsnr.java","527","fileName","filename = ""bot1591"" + yymmdd + "".004"";"
"D:\jsp\van_doc_1\ftp01\src\main\java\com\bot\ncl\adapter\event\app\lsnr\FTP01Lsnr.java","532","fileName","//          FILENAME:=""'""&CODE1&""_""&YYYMMDD&"".txt'"";"
"D:\jsp\van_doc_1\ftp01\src\main\java\com\bot\ncl\adapter\event\app\lsnr\FTP01Lsnr.java","534","fileName","filename = code1 + ""_"" + yyymmdd + "".txt"";"
"D:\jsp\van_doc_1\ftp01\src\main\java\com\bot\ncl\adapter\event\app\lsnr\FTP01Lsnr.java","564","fileName","//           FILENAME:=""'BOT_""&DATE&""_""&CODE2&"".TXT'"" ;"
"D:\jsp\van_doc_1\ftp01\src\main\java\com\bot\ncl\adapter\event\app\lsnr\FTP01Lsnr.java","566","fileName","filename = ""BOT_"" + wkTaskDate + ""_"" + code2 + "".TXT"";"
"D:\jsp\van_doc_1\ftp01\src\main\java\com\bot\ncl\adapter\event\app\lsnr\FTP01Lsnr.java","571","fileName","//          FILENAME:=""'CC44""&CODE&""_""&YYYYMMDD&"".txt'"" ;"
"D:\jsp\van_doc_1\ftp01\src\main\java\com\bot\ncl\adapter\event\app\lsnr\FTP01Lsnr.java","573","fileName","filename = ""CC44"" + code + ""_"" + yyyymmdd + "".txt"";"
"D:\jsp\van_doc_1\ftp01\src\main\java\com\bot\ncl\adapter\event\app\lsnr\FTP01Lsnr.java","583","fileName","//           FILENAME:=""'T""&CODE1&""_""&YYYMMDD&""'""  ;"
"D:\jsp\van_doc_1\ftp01\src\main\java\com\bot\ncl\adapter\event\app\lsnr\FTP01Lsnr.java","587","fileName","filename = ""T"" + code1 + ""_"" + yyymmdd;"
"D:\jsp\van_doc_1\ftp01\src\main\java\com\bot\ncl\adapter\event\app\lsnr\FTP01Lsnr.java","599","fileName","//            FILENAME:=""'bankedu.""&YYYMMDD&""'""    ;"
"D:\jsp\van_doc_1\ftp01\src\main\java\com\bot\ncl\adapter\event\app\lsnr\FTP01Lsnr.java","603","fileName","filename = ""bankedu."" + yyymmdd;"
"D:\jsp\van_doc_1\ftp01\src\main\java\com\bot\ncl\adapter\event\app\lsnr\FTP01Lsnr.java","615","fileName","//            FILENAME:=""'""&CODE&""_""&YYYMMDD&""'"";"
"D:\jsp\van_doc_1\ftp01\src\main\java\com\bot\ncl\adapter\event\app\lsnr\FTP01Lsnr.java","619","fileName","filename = code + ""_"" + yyymmdd;"
"D:\jsp\van_doc_1\ftp01\src\main\java\com\bot\ncl\adapter\event\app\lsnr\FTP01Lsnr.java","632","fileName","//            FILENAME:=""'TBAC/TBAC""&NYYYYMMDD&""'"";"
"D:\jsp\van_doc_1\ftp01\src\main\java\com\bot\ncl\adapter\event\app\lsnr\FTP01Lsnr.java","636","fileName","filename = ""TBAC"" + nyyyymmdd;"
"D:\jsp\van_doc_1\ftp01\src\main\java\com\bot\ncl\adapter\event\app\lsnr\FTP01Lsnr.java","645","fileName","//            FILENAME:=""'""&PUTFILE&""_""&YYYYMMDD&"".txt'"";"
"D:\jsp\van_doc_1\ftp01\src\main\java\com\bot\ncl\adapter\event\app\lsnr\FTP01Lsnr.java","647","fileName","filename = wkTaskPutfile + ""_"" + yyyymmdd + "".txt"";"
"D:\jsp\van_doc_1\ftp01\src\main\java\com\bot\ncl\adapter\event\app\lsnr\FTP01Lsnr.java","668","fileName","//                  FILENAME:=""'""&CODE&""_""&YYYMMDD&""'"";"
"D:\jsp\van_doc_1\ftp01\src\main\java\com\bot\ncl\adapter\event\app\lsnr\FTP01Lsnr.java","672","fileName","filename = code + ""_"" + yyymmdd;"
"D:\jsp\van_doc_1\ftp01\src\main\java\com\bot\ncl\adapter\event\app\lsnr\FTP01Lsnr.java","679","fileName","// %        DISPLAY ""FILENAME = "" &FILENAME;"
"D:\jsp\van_doc_1\ftp01\src\main\java\com\bot\ncl\adapter\event\app\lsnr\FTP01Lsnr.java","724","fileName","filename = code + ""_"" + yyymmdd + "".OK"";"
"D:\jsp\van_doc_1\list1\src\main\java\com\bot\ncl\adapter\event\app\lsnr\LIST1Lsnr.java","47","FILE_NAME","private static final String FILE_INPUT_NAME = ""PUTFCTL""; // 霈瑼???    private static final String FILE_NAME = ""CL-BH-005""; // 瑼?"
"D:\jsp\van_doc_1\list2\src\main\java\com\bot\ncl\adapter\event\app\lsnr\LIST2Lsnr.java","49","FILE_NAME","private static final String FILE_INPUT_NAME = ""PUTFCTL2""; // 霈瑼???    private static final String FILE_NAME = ""CL-BH-007""; // 瑼?"
"D:\jsp\van_doc_1\outrptdtl\src\main\java\com\bot\ncl\adapter\event\app\lsnr\OUTRPTDTLLsnr.java","139","fileName","String filename = textMap.get(""FILENAME""); // TODO: 敺Ⅱ隤ATCH??迂"
"D:\jsp\van_doc_1\outrptdtl\src\main\java\com\bot\ncl\adapter\event\app\lsnr\OUTRPTDTLLsnr.java","148","fileName","""NCL"" + File.separator + wkKdate + File.separator + filename; // 靘?瑼FTP??蝵?        File restFile = downloadFromSftp(sourceFtpPath);"
"D:\jsp\van_doc_1\puth\src\main\java\com\bot\ncl\adapter\event\app\lsnr\PUTHLsnr.java","82","FILE_NAME","private static final String FILE_NAME = ""PUTH"";"
"D:\jsp\van_doc_1\queryclbaf\src\main\java\com\bot\ncl\adapter\event\app\lsnr\QueryClbafLsnr.java","46","FILE_NAME","private static final String FILE_NAME = ""queryClbaf"";"
"D:\jsp\van_doc_1\queryclcmp\src\main\java\com\bot\ncl\adapter\event\app\lsnr\QueryClcmpLsnr.java","44","FILE_NAME","private static final String FILE_NAME = ""queryClcmp"";"
"D:\jsp\van_doc_1\querycldmr\src\main\java\com\bot\ncl\adapter\event\app\lsnr\QueryCldmrLsnr.java","46","FILE_NAME","private static final String FILE_NAME = ""queryCldmr"";"
"D:\jsp\van_doc_1\querycldtl\src\main\java\com\bot\ncl\adapter\event\app\lsnr\QueryCldtlLsnr.java","46","FILE_NAME","private static final String FILE_NAME = ""queryCldtl"";"
"D:\jsp\van_doc_1\queryclfee\src\main\java\com\bot\ncl\adapter\event\app\lsnr\QueryClfeeLsnr.java","44","FILE_NAME","private static final String FILE_NAME = ""queryClfee"";"
"D:\jsp\van_doc_1\queryclmc\src\main\java\com\bot\ncl\adapter\event\app\lsnr\QueryClmcLsnr.java","46","FILE_NAME","private static final String FILE_NAME = ""queryClmc"";"
"D:\jsp\van_doc_1\queryclmr\src\main\java\com\bot\ncl\adapter\event\app\lsnr\QueryClmrLsnr.java","45","FILE_NAME","private static final String FILE_NAME = ""queryClmr"";"
"D:\jsp\van_doc_1\querycltmr\src\main\java\com\bot\ncl\adapter\event\app\lsnr\QueryCltmrLsnr.java","45","FILE_NAME","private static final String FILE_NAME = ""queryCltmr"";"
"D:\jsp\van_doc_1\querycltot\src\main\java\com\bot\ncl\adapter\event\app\lsnr\QueryCltotLsnr.java","43","FILE_NAME","private static final String FILE_NAME = ""queryCltot"";"
"D:\jsp\van_doc_1\rftp\src\main\java\com\bot\ncl\adapter\event\app\lsnr\RFTPLsnr.java","133","fileName","fileName = """";"
"D:\jsp\van_doc_1\rftp\src\main\java\com\bot\ncl\adapter\event\app\lsnr\RFTPLsnr.java","454","fileName","//          FILENAME:=""'BOT_""&DATE&""_""&CODE2&"".TXT'"" ;                              00017300"
"D:\jsp\van_doc_1\rftp\src\main\java\com\bot\ncl\adapter\event\app\lsnr\RFTPLsnr.java","476","fileName","fileName = ""BOT_"" + wkDate + ""_"" + code2 + "".TXT"";"
"D:\jsp\van_doc_1\rftp\src\main\java\com\bot\ncl\adapter\event\app\lsnr\RFTPLsnr.java","479","fileName","//          FILENAME:=""'0K004""&YYYMMDD&""""&TIME&""0.TXT'"" ;                           00017420"
"D:\jsp\van_doc_1\rftp\src\main\java\com\bot\ncl\adapter\event\app\lsnr\RFTPLsnr.java","481","fileName","fileName = ""0K004"" + yyymmdd + time + ""0.TXT"";"
"D:\jsp\van_doc_1\rftp\src\main\java\com\bot\ncl\adapter\event\app\lsnr\RFTPLsnr.java","484","fileName","//          FILENAME:=""'9K004""&YYYMMDD&""""&TIME&""0.TXT'"" ;                           00017450"
"D:\jsp\van_doc_1\rftp\src\main\java\com\bot\ncl\adapter\event\app\lsnr\RFTPLsnr.java","486","fileName","fileName = ""9K004"" + yyymmdd + time + ""0.TXT"";"
"D:\jsp\van_doc_1\rftp\src\main\java\com\bot\ncl\adapter\event\app\lsnr\RFTPLsnr.java","489","fileName","//          FILENAME:=""'7K004""&YYYMMDD&""""&TIME&""1.TXT'"" ;                           00017454"
"D:\jsp\van_doc_1\rftp\src\main\java\com\bot\ncl\adapter\event\app\lsnr\RFTPLsnr.java","491","fileName","fileName = ""7K004"" + yyymmdd + time + ""1.TXT"";"
"D:\jsp\van_doc_1\rftp\src\main\java\com\bot\ncl\adapter\event\app\lsnr\RFTPLsnr.java","494","fileName","//          FILENAME:=""'0KTL004""&YYYMMDD&""""&TIME&""0.TXT'"" ;                         00017470"
"D:\jsp\van_doc_1\rftp\src\main\java\com\bot\ncl\adapter\event\app\lsnr\RFTPLsnr.java","496","fileName","fileName = ""0KTL004"" + yyymmdd + time + ""0.TXT"";"
"D:\jsp\van_doc_1\rftp\src\main\java\com\bot\ncl\adapter\event\app\lsnr\RFTPLsnr.java","499","fileName","//          FILENAME:=""'9KTL004""&YYYMMDD&""""&TIME&""0.TXT'"" ;                         00017500"
"D:\jsp\van_doc_1\rftp\src\main\java\com\bot\ncl\adapter\event\app\lsnr\RFTPLsnr.java","501","fileName","fileName = ""9KTL004"" + yyymmdd + time + ""0.TXT"";"
"D:\jsp\van_doc_1\rftp\src\main\java\com\bot\ncl\adapter\event\app\lsnr\RFTPLsnr.java","504","fileName","//          FILENAME:=""'7KTL004""&YYYMMDD&""""&TIME&""1.TXT'"" ;                         00017510"
"D:\jsp\van_doc_1\rftp\src\main\java\com\bot\ncl\adapter\event\app\lsnr\RFTPLsnr.java","506","fileName","fileName = ""7KTL004"" + yyymmdd + time + ""1.TXT"";"
"D:\jsp\van_doc_1\rftp\src\main\java\com\bot\ncl\adapter\event\app\lsnr\RFTPLsnr.java","509","fileName","//          FILENAME:=""'''bank.bk004.bp04p.t""&NYYYMMDD&""'''"";                       00017540"
"D:\jsp\van_doc_1\rftp\src\main\java\com\bot\ncl\adapter\event\app\lsnr\RFTPLsnr.java","511","fileName","fileName = ""'bank.bk004.bp04p.t"" + nyyymmdd + ""'"";"
"D:\jsp\van_doc_1\rftp\src\main\java\com\bot\ncl\adapter\event\app\lsnr\RFTPLsnr.java","514","fileName","//          FILENAME:=""'''bank.bk004.bp04pbk.t""&NYYYMMDD&""'''"";                     00017580"
"D:\jsp\van_doc_1\rftp\src\main\java\com\bot\ncl\adapter\event\app\lsnr\RFTPLsnr.java","516","fileName","fileName = ""'bank.bk004.bp04pbk.t"" + nyyymmdd + ""'"";"
"D:\jsp\van_doc_1\rftp\src\main\java\com\bot\ncl\adapter\event\app\lsnr\RFTPLsnr.java","519","fileName","//          FILENAME:=""'BOT4Q""&YYYYMMDD&""01I.TXT'""          ;                       00017700"
"D:\jsp\van_doc_1\rftp\src\main\java\com\bot\ncl\adapter\event\app\lsnr\RFTPLsnr.java","521","fileName","fileName = ""BOT4Q"" + yyyymmdd + ""01I.TXT"";"
"D:\jsp\van_doc_1\rftp\src\main\java\com\bot\ncl\adapter\event\app\lsnr\RFTPLsnr.java","524","fileName","//          FILENAME:=""'NET004""&YYYMMDD&"".89'""               ;                      00017900"
"D:\jsp\van_doc_1\rftp\src\main\java\com\bot\ncl\adapter\event\app\lsnr\RFTPLsnr.java","526","fileName","fileName = ""NET004"" + yyymmdd + "".89"";"
"D:\jsp\van_doc_1\rftp\src\main\java\com\bot\ncl\adapter\event\app\lsnr\RFTPLsnr.java","530","fileName","//          FILENAME:=""'''bank.bk004.bp04pbk2.t""&NYYYMMDD&""'''"";                    00017930"
"D:\jsp\van_doc_1\rftp\src\main\java\com\bot\ncl\adapter\event\app\lsnr\RFTPLsnr.java","535","fileName","fileName = ""'bank.bk004.bp04pbk2.t"" + nyyymmdd + ""'"";"
"D:\jsp\van_doc_1\rftp\src\main\java\com\bot\ncl\adapter\event\app\lsnr\RFTPLsnr.java","540","fileName","//          FILENAME:=""'DLR004""&YYYMMDD&"".TXT'""             ;                       00018100"
"D:\jsp\van_doc_1\rftp\src\main\java\com\bot\ncl\adapter\event\app\lsnr\RFTPLsnr.java","542","fileName","fileName = ""DLR004"" + yyymmdd + "".TXT"";"
"D:\jsp\van_doc_1\rftp\src\main\java\com\bot\ncl\adapter\event\app\lsnr\RFTPLsnr.java","545","fileName","//          FILENAME:=""'""&CODE1&""_""&YYYMMDD&"".txt'""        ;                        00018300"
"D:\jsp\van_doc_1\rftp\src\main\java\com\bot\ncl\adapter\event\app\lsnr\RFTPLsnr.java","547","fileName","fileName = code1 + ""_"" + yyymmdd + "".txt"";"
"D:\jsp\van_doc_1\rftp\src\main\java\com\bot\ncl\adapter\event\app\lsnr\RFTPLsnr.java","550","fileName","//          FILENAME:=""'bot_TW_VA_""&YYYYMMDD&"".json'"";                              00018340"
"D:\jsp\van_doc_1\rftp\src\main\java\com\bot\ncl\adapter\event\app\lsnr\RFTPLsnr.java","552","fileName","fileName = ""bot_TW_VA_"" + yyyymmdd + "".json"";"
"D:\jsp\van_doc_1\rftp\src\main\java\com\bot\ncl\adapter\event\app\lsnr\RFTPLsnr.java","559","fileName","//       FILENAME:=""'BKCOL_""&YYYYMMDD&"".004'"" ;                                     00019000"
"D:\jsp\van_doc_1\rftp\src\main\java\com\bot\ncl\adapter\event\app\lsnr\RFTPLsnr.java","568","fileName","fileName = ""BKCOL_"" + yyyymmdd + "".004"";"
"D:\jsp\van_doc_1\rftp\src\main\java\com\bot\ncl\adapter\event\app\lsnr\RFTPLsnr.java","575","fileName","//          FILENAME:=""'SJA0""&MMDD&"".DAT'""    ;                                     00019500"
"D:\jsp\van_doc_1\rftp\src\main\java\com\bot\ncl\adapter\event\app\lsnr\RFTPLsnr.java","580","fileName","fileName = ""SJA0"" + mmdd + "".DAT"";"
"D:\jsp\van_doc_1\rftp\src\main\java\com\bot\ncl\adapter\event\app\lsnr\RFTPLsnr.java","583","fileName","//          FILENAME:=""'BOT_""&YYYYMMDD&"".txt'""             ;                        00019700"
"D:\jsp\van_doc_1\rftp\src\main\java\com\bot\ncl\adapter\event\app\lsnr\RFTPLsnr.java","585","fileName","fileName = ""BOT_"" + yyyymmdd + "".txt"";"
"D:\jsp\van_doc_1\rftp\src\main\java\com\bot\ncl\adapter\event\app\lsnr\RFTPLsnr.java","588","fileName","//          FILENAME:=""'SPF004.""&YYYYMMDD&""'""              ;                        00019900"
"D:\jsp\van_doc_1\rftp\src\main\java\com\bot\ncl\adapter\event\app\lsnr\RFTPLsnr.java","590","fileName","fileName = ""SPF004."" + yyyymmdd;"
"D:\jsp\van_doc_1\rftp\src\main\java\com\bot\ncl\adapter\event\app\lsnr\RFTPLsnr.java","593","fileName","//          FILENAME:=""'FITEL18AC""&YYYYMMDD&"".TXT'""        ;                        00020100"
"D:\jsp\van_doc_1\rftp\src\main\java\com\bot\ncl\adapter\event\app\lsnr\RFTPLsnr.java","595","fileName","fileName = ""FITEL18AC"" + yyyymmdd + "".TXT"";"
"D:\jsp\van_doc_1\rftp\src\main\java\com\bot\ncl\adapter\event\app\lsnr\RFTPLsnr.java","599","fileName","//          FILENAME:=""'bot""&YYMMDD&"".004'"" ;                                       00020140"
"D:\jsp\van_doc_1\rftp\src\main\java\com\bot\ncl\adapter\event\app\lsnr\RFTPLsnr.java","601","fileName","fileName = ""bot"" + yymmdd + "".004"";"
"D:\jsp\van_doc_1\rftp\src\main\java\com\bot\ncl\adapter\event\app\lsnr\RFTPLsnr.java","604","fileName","//          FILENAME:=""'bot1591""&YYMMDD&"".004'"" ;                                   00020144"
"D:\jsp\van_doc_1\rftp\src\main\java\com\bot\ncl\adapter\event\app\lsnr\RFTPLsnr.java","606","fileName","fileName = ""bot1591"" + yymmdd + "".004"";"
"D:\jsp\van_doc_1\rftp\src\main\java\com\bot\ncl\adapter\event\app\lsnr\RFTPLsnr.java","610","fileName","//          FILENAME:=""'""&CODE1&""_""&YYYMMDD&"".txt'"";                                00020170"
"D:\jsp\van_doc_1\rftp\src\main\java\com\bot\ncl\adapter\event\app\lsnr\RFTPLsnr.java","612","fileName","fileName = code1 + ""_"" + yyymmdd + "".txt"";"
"D:\jsp\van_doc_1\rftp\src\main\java\com\bot\ncl\adapter\event\app\lsnr\RFTPLsnr.java","618","fileName","//          FILENAME:=""'T""&CODE1&""_""&YYYMMDD&""'""  ;                                 00020600"
"D:\jsp\van_doc_1\rftp\src\main\java\com\bot\ncl\adapter\event\app\lsnr\RFTPLsnr.java","623","fileName","fileName = ""T"" + code1 + ""_"" + yyymmdd;"
"D:\jsp\van_doc_1\rftp\src\main\java\com\bot\ncl\adapter\event\app\lsnr\RFTPLsnr.java","627","fileName","//          FILENAME:=""'CC44""&CODE&""_""&YYYYMMDD&"".txt'"" ;                           00020760"
"D:\jsp\van_doc_1\rftp\src\main\java\com\bot\ncl\adapter\event\app\lsnr\RFTPLsnr.java","629","fileName","fileName = ""CC44"" + code + ""_"" + yyyymmdd + "".txt"";"
"D:\jsp\van_doc_1\rftp\src\main\java\com\bot\ncl\adapter\event\app\lsnr\RFTPLsnr.java","635","fileName","//          FILENAME:=""'bankedu.""&YYYMMDD&""'""     ;                                 00021200"
"D:\jsp\van_doc_1\rftp\src\main\java\com\bot\ncl\adapter\event\app\lsnr\RFTPLsnr.java","640","fileName","fileName = ""bankedu."" + yyymmdd;"
"D:\jsp\van_doc_1\rftp\src\main\java\com\bot\ncl\adapter\event\app\lsnr\RFTPLsnr.java","647","fileName","//          FILENAME:=""'govfund.""&YYYMMDD&""'"" ;                                     00021900"
"D:\jsp\van_doc_1\rftp\src\main\java\com\bot\ncl\adapter\event\app\lsnr\RFTPLsnr.java","652","fileName","fileName = ""govfund."" + yyymmdd;"
"D:\jsp\van_doc_1\rftp\src\main\java\com\bot\ncl\adapter\event\app\lsnr\RFTPLsnr.java","659","fileName","//          FILENAME:=""govbill_""&CODE2&""_""&YYYMMDD&"""" ;                             00022060"
"D:\jsp\van_doc_1\rftp\src\main\java\com\bot\ncl\adapter\event\app\lsnr\RFTPLsnr.java","660","fileName","//          FILENAME:=""'inbound/govbill/"" & FILENAME & ""'""  ;                       00022070"
"D:\jsp\van_doc_1\rftp\src\main\java\com\bot\ncl\adapter\event\app\lsnr\RFTPLsnr.java","663","fileName","// todo:FILENAME:=""govbill_""&CODE2&""_""&YYYMMDD&"""""
"D:\jsp\van_doc_1\rftp\src\main\java\com\bot\ncl\adapter\event\app\lsnr\RFTPLsnr.java","664","fileName","// todo:FILENAME:=""'inbound/govbill/"" & FILENAME & ""'"""
"D:\jsp\van_doc_1\rftp\src\main\java\com\bot\ncl\adapter\event\app\lsnr\RFTPLsnr.java","668","fileName","fileName = ""govbill_"" + code2 + ""_"" + yyymmdd;"
"D:\jsp\van_doc_1\rftp\src\main\java\com\bot\ncl\adapter\event\app\lsnr\RFTPLsnr.java","674","fileName","//          FILENAME:=""'/OUT/RECL0""&YYYMMDD&"".txt'""        ;                        00022400"
"D:\jsp\van_doc_1\rftp\src\main\java\com\bot\ncl\adapter\event\app\lsnr\RFTPLsnr.java","677","fileName","fileName = ""RECL0"" + yyymmdd + "".txt"";"
"D:\jsp\van_doc_1\rftp\src\main\java\com\bot\ncl\adapter\event\app\lsnr\RFTPLsnr.java","680","fileName","//       FILENAME:= ""'""&CODE1&""""&FILE121454&""_""&YYYMMDD&""'"";                        00022690"
"D:\jsp\van_doc_1\rftp\src\main\java\com\bot\ncl\adapter\event\app\lsnr\RFTPLsnr.java","682","fileName","fileName = code1 + file121454 + ""_"" + yyymmdd;"
"D:\jsp\van_doc_1\rftp\src\main\java\com\bot\ncl\adapter\event\app\lsnr\RFTPLsnr.java","688","fileName","//           FILENAME:=""'""&CODE&""_""&YYYMMDD&""'"";                                    00023100"
"D:\jsp\van_doc_1\rftp\src\main\java\com\bot\ncl\adapter\event\app\lsnr\RFTPLsnr.java","693","fileName","fileName = code + ""_"" + yyymmdd;"
"D:\jsp\van_doc_1\rftp\src\main\java\com\bot\ncl\adapter\event\app\lsnr\RFTPLsnr.java","700","fileName","//            FILENAME:=""'TBAC/TBAC""&NYYYYMMDD&""'"" ;                                00023230"
"D:\jsp\van_doc_1\rftp\src\main\java\com\bot\ncl\adapter\event\app\lsnr\RFTPLsnr.java","706","fileName","fileName = ""TBAC"" + nyyyymmdd;"
"D:\jsp\van_doc_1\rftp\src\main\java\com\bot\ncl\adapter\event\app\lsnr\RFTPLsnr.java","711","fileName","//            FILENAME:=""'""&PUTFILE&""_""&YYYYMMDD&"".txt'"";                           00023238"
"D:\jsp\van_doc_1\rftp\src\main\java\com\bot\ncl\adapter\event\app\lsnr\RFTPLsnr.java","714","fileName","fileName = wkTaskPutfile + ""_"" + yyyymmdd + "".txt"";"
"D:\jsp\van_doc_1\rftp\src\main\java\com\bot\ncl\adapter\event\app\lsnr\RFTPLsnr.java","724","fileName","//                  FILENAME:=""'""&CODE&""_""&YYYMMDD&""'"";                             00023270"
"D:\jsp\van_doc_1\rftp\src\main\java\com\bot\ncl\adapter\event\app\lsnr\RFTPLsnr.java","732","fileName","fileName = code + ""_"" + yyymmdd;"
"D:\jsp\van_doc_1\rftp\src\main\java\com\bot\ncl\adapter\event\app\lsnr\RFTPLsnr.java","762","fileName","String filename = code + ""_"" + yyymmdd + "".OK"";"
"D:\jsp\van_doc_1\rftp\src\main\java\com\bot\ncl\adapter\event\app\lsnr\RFTPLsnr.java","825","fileName","//     FILENAME:= ""'""&CODE1&""_""&YYYMMDD&""'"";                                        00012300"
"D:\jsp\van_doc_1\rftp\src\main\java\com\bot\ncl\adapter\event\app\lsnr\RFTPLsnr.java","826","fileName","fileName = code1 + ""_"" + yyymmdd;"
"D:\jsp\van_doc_1\rpt017\src\main\java\com\bot\ncl\adapter\event\app\lsnr\Rpt017Lsnr.java","61","FILE_NAME","private static final String FILE_NAME = ""CL-BH-017""; // 瑼?1"
"D:\jsp\van_doc_1\tf000_svc\src\main\java\com\bot\ncl\adapter\event\app\services\AnalyseService.java","171","fileName","""read "" + fileName + "" Exception = "" + e.getMessage());"
"D:\jsp\van_doc_1\totdtl\src\main\java\com\bot\ncl\adapter\event\app\lsnr\TOTDTLLsnr.java","55","FILE_NAME","private static final String FILE_NAME = ""CL-BH-003"";"
